time,x,E,tau,u,distance_to_steady_state
0.0,0.08948434363282495,0.4999999999999999,0.32576977113654326,0.570762447202462,0.14846044726313457
0.009051939907861767,0.08941251558899788,0.5014552053554846,0.32442456147083204,0.5695827959751173,0.1464914748995872
0.018103879815723534,0.08934167162235054,0.5028956276100096,0.3231009472347473,0.5684196928632463,0.14454752707075055
0.0271558197235853,0.08927179902173046,0.5043213396606253,0.32179854226549104,0.5672728992870107,0.14262829157808016
0.03620775963144707,0.08920288523892556,0.5057324158461147,0.3205169680129692,0.5661421800333987,0.14073346095781986
0.045259699539308834,0.08913491788643038,0.5071289318944554,0.3192558533682212,0.5650273032059789,0.13886273235910004
0.0543116394471706,0.08906788473526052,0.508510964870829,0.3180148344961139,0.5639280401754411,0.13701580742665195
0.06336357935503237,0.08900177371281348,0.5098785931261957,0.31679355467218545,0.5628441655309091,0.13519239218796716
0.07241551926289413,0.08893657290077442,0.5112318962464503,0.3155916641235249,0.561775457032011,0.13339219694473306
0.0814674591707559,0.08887227053306516,0.5125709550021802,0.31440881987357866,0.5607216955616918,0.13161493616838102
0.09051939907861767,0.08880885499383474,0.5138958512990364,0.31324468559077695,0.5596826650797547,0.1298603283995921
0.09957133898647944,0.0887463148154904,0.5152066681287344,0.3120989314408769,0.5586581525771166,0.12812809615160692
0.1086232788943412,0.08868463867676732,0.5165034895206995,0.31097123394292253,0.5576479480307648,0.12641796581719342
0.11767521880220297,0.0886238154008358,0.5177864004943652,0.3098612758287234,0.5566518443594015,0.12472966757913226
0.12672715871006474,0.08856383395344478,0.5190554870121421,0.30876874590575804,0.5556696373797636,0.12306293532407983
0.1357790986179265,0.08850468344110032,0.5203108359330609,0.30769333892340983,0.5547011257636042,0.12141750655968148
0.14483103852578827,0.08844635310927797,0.5215525349671061,0.3066347554424462,0.5537461109953244,0.11979312233480277
0.15388297843365004,0.08838883234066769,0.522780672630244,0.305592701707655,0.5528043973302447,0.11818952716275927
0.1629349183415118,0.08833211065345067,0.5239953382001558,0.30456688952355265,0.5518757917535001,0.11660646894742485
0.17198685824937357,0.08827617769960665,0.525196621672682,0.3035570361330837,0.5509601039395536,0.11504369891210402
0.18103879815723534,0.08822102326325088,0.5263846137189842,0.30256286409923155,0.5500571462123108,0.11350097153105895
0.1900907380650971,0.08816663725899984,0.5275594056434301,0.3015841011894631,0.5491667335058298,0.1119780444635838
0.19914267797295887,0.08811300973036483,0.5287210893422064,0.3006204802629326,0.5482886833256114,0.11047467849052513
0.20819461788082064,0.08806013084817252,0.5298697572626632,0.299671739160372,0.5474228157104634,0.10899063745314923
0.2172465577886824,0.08800799090901157,0.5310055023633926,0.2987376205965964,0.5465689531949253,0.10752568819426193
0.22629849769654417,0.08795658033370476,0.532128418075047,0.2978178720555563,0.5457269207722452,0.10607960050148793
0.23535043760440594,0.08790588966580574,0.5332385982618928,0.2969122456878695,0.544896545857899,0.10465214705262532
0.2444023775122677,0.08785590957011959,0.5343361371841081,0.2960204982107676,0.5440776582536426,0.10324310336298648
0.25345431742012947,0.08780663083124678,0.5354211294608188,0.2951423908103943,0.5432700901120863,0.10185224773464728
0.26250625732799127,0.08775804435214958,0.5364936700338758,0.29427768904639356,0.5424736759017837,0.10047936120752539
0.271558197235853,0.0877101411527406,0.5375538541323727,0.2934261627587282,0.5416882523728276,0.09912422751221243
0.28061013714371474,0.08766291236849251,0.5386017772379009,0.2925875859766706,0.5409136585229389,0.09778663302448827
0.28966207705157654,0.08761634924906865,0.539637535050543,0.2917617368299098,0.5401497355640469,0.0964663667214481
0.29871401695943833,0.08757044315697399,0.5406612234555994,0.29094839746171886,0.5393963268893466,0.09516322013917586
0.3077659568673001,0.0875251855662257,0.5416729384910459,0.2901473539441303,0.5386532780408287,0.09387698733190146
0.3168178967751618,0.08748056806104293,0.5426727763157216,0.2893583961950676,0.5379204366772725,0.09260746483257795
0.3258698366830236,0.08743658233455551,0.5436608331782379,0.2885813178973808,0.5371976525426938,0.09135445161482428
0.3349217765908854,0.0873932201875308,0.5446372053866105,0.2878159164197395,0.5364847774352405,0.09011774905617277
0.34397371649874714,0.0873504735271185,0.5456019892786047,0.28706199273933375,0.5357816651765286,0.08889716090257245
0.3530256564066089,0.08730833436561283,0.5465552811927916,0.2863193513663367,0.5350881715814102,0.08769249323409299
0.3620775963144707,0.08726679481923186,0.5474971774403093,0.28558780027008474,0.5344041544281676,0.08650355443178247
0.37112953622233247,0.08722584710691345,0.548427774277322,0.28486715080693,0.533729473429124,0.08533015514563165
0.3801814761301942,0.08718548354912745,0.5493471678781734,0.2841572176497232,0.5330639902016673,0.08417210826359832
0.38923341603805595,0.087145696566704,0.5502554543092242,0.2834578187188853,0.532407568239676,0.08302922888165205
0.39828535594591774,0.08710647867967729,0.5511527295033711,0.28276877511502696,0.5317600728853445,0.0819013342747949
0.40733729585377954,0.08706782250614473,0.5520390892352368,0.28208991105307696,0.5311213713013975,0.0807882438690221
0.4163892357616413,0.08702972076114103,0.5529146290970249,0.28142105379788085,0.5304913324436893,0.07968977921418394
0.425441175669503,0.08699216625552708,0.553779444475033,0.2807620336012334,0.5298698270341815,0.07860576395771432
0.4344931155773648,0.08695515189489315,0.5546336305268146,0.2801126836403074,0.5292567275342916,0.07753602381919188
0.4435450554852266,0.08691867067847629,0.5554772821589822,0.27947283995744404,0.528651908118607,0.07648038656570251
0.45259699539308834,0.08688271569809161,0.5563104940056439,0.2788423414012713,0.5280552446489584,0.07543868198797272
0.4616489353009501,0.08684728013707724,0.5571333604074651,0.27822102956911543,0.5274666146488471,0.07441074187724436
0.4707008752088119,0.08681235726925261,0.5579459753913448,0.2776087487506741,0.5268858972782191,0.07339640000286507
0.47975281511667367,0.08677794045788999,0.5587484326507006,0.27700534587291903,0.526312973308581,0.07239549209056763
0.4888047550245354,0.08674402315469897,0.5595408255263508,0.27641067044619755,0.5257477250984521,0.07140785580141452
0.49785669493239715,0.08671059889882368,0.5603232469879862,0.2758245745115028,0.5251900365691478,0.07043333071138436
0.5069086348402589,0.0866776613158526,0.5610957896162223,0.2752469125888834,0.5246397931808865,0.06947175829157917
0.5159605747481207,0.08664520411684061,0.5618585455852206,0.2746775416269644,0.5240968819092177,0.06852298188903257
0.5250125146559825,0.08661322109734347,0.5626116066458736,0.2741163209535513,0.5235611912217628,0.06758684670809817
0.5340644545638442,0.08658170613646395,0.5633550641095387,0.2735631122272907,0.5230326110552674,0.0666631997924036
0.543116394471706,0.0865506531959101,0.5640890088323167,0.27301777939036065,0.5225110327929552,0.06575189000735031
0.5521683343795678,0.08652005631906501,0.5648135311998616,0.27248018862216616,0.5219963492421821,0.0648527680231463
0.5612202742874295,0.08648990963006815,0.5655287211127134,0.2719502082940135,0.521488454612385,0.06396568629835603
0.5702722141952913,0.08646020733290803,0.5662346679721448,0.2714277089247402,0.5209872444933179,0.06309049906395509
0.5793241541031531,0.08643094371052606,0.566931460666511,0.2709125631372769,0.5204926158335744,0.062227062307877355
0.5883760940110149,0.08640211312393156,0.5676191875580925,0.27040464561611705,0.5200044669193882,0.06137523376004362
0.5974280339188767,0.0863737100113276,0.5682979364704226,0.26990383306567384,0.5195226973537093,0.06053487287786199
0.6064799738267383,0.08634572888724773,0.5689677946760896,0.2694100041695004,0.5190472080355508,0.059705840832189466
0.6155319137346001,0.08631816434170335,0.5696288488850015,0.26892303955035385,0.518577901139601,0.05888800049374969
0.6245838536424619,0.08629101103934166,0.5702811852331073,0.268442821731081,0.5181146800960971,0.05808121641999589
0.6336357935503236,0.08626426371861402,0.5709248892715619,0.26796923509630655,0.5176574495709557,0.05728535484241566
0.6426877334581854,0.08623791719095476,0.5715600459563269,0.26750216585490316,0.5172061154461567,0.05650028365427065
0.6517396733660472,0.08621196633997003,0.5721867396381958,0.26704150200322524,0.5167605848003747,0.05572587239876792
0.660791613273909,0.08618640612063691,0.5728050540532361,0.2665871332890865,0.5163207658898551,0.05496199225765717
0.6698435531817708,0.08616123155851253,0.5734150723136375,0.26613895117646447,0.5158865681295303,0.054208516040253174
0.6788954930896325,0.08613643774895313,0.5740168768989554,0.26569684881091243,0.5154579020743716,0.05346531817288043
0.6879474329974943,0.08611201985634281,0.5746105496477435,0.26526072098566367,0.5150346794009736,0.0527322746887378
0.6969993729053561,0.08608797311333219,0.5751961717495622,0.2648304641084087,0.514616812889366,0.052009263218184734
0.7060513128132178,0.08606429282008668,0.5757738237373569,0.26440597616873107,0.5142042164050495,0.05129616297944667
0.7151032527210796,0.08604097434354428,0.5763435854801945,0.2639871567061843,0.5137968048812529,0.05059285476974263
0.7241551926289413,0.08601801311668288,0.5769055361763492,0.2635739067789954,0.513394494301405,0.04989922095683638
0.7332071325368031,0.08599540463779698,0.5774597543467302,0.2631661289333786,0.5129972016818207,0.049215145471011426
0.7422590724446649,0.08597314446978377,0.57800631782864,0.26276372717344504,0.5126048450545947,0.04854051379747548
0.7513110123525266,0.0859512282394384,0.5785453037698551,0.26236660693169434,0.5122173434507019,0.04787521296919669
0.7603629522603884,0.08592965163675853,0.5790767886230218,0.2619746750400724,0.5118346168832979,0.047219131560175286
0.7694148921682502,0.08590841041425783,0.5796008481403545,0.26158783970158345,0.5114565863312188,0.046572159679157475
0.7784668320761119,0.08588750038628877,0.5801175573686327,0.26120601046244196,0.511083173722675,0.0459341889637944
0.7875187719839737,0.0858669174283742,0.580626990644483,0.2608290981847505,0.510714301919136,0.04530511257525487
0.7965707118918355,0.08584665747654788,0.5811292215899427,0.2604570150196923,0.5103498946994036,0.044684825193295384
0.8056226517996973,0.08582671652670398,0.5816243231082916,0.2600896743812254,0.5099898767438678,0.044073223011798106
0.8146745917075591,0.08580709063395524,0.5821123673801472,0.2597269909202651,0.5096341736189451,0.04347020373478088
0.8237265316154208,0.08578777591199993,0.5825934258598142,0.2593688804993448,0.5092827117616942,0.04287566657288908
0.8327784715232825,0.08576876853249754,0.5830675692718791,0.259015260167742,0.5089354184646044,0.04228951224037822
0.8418304114311443,0.08575006472445304,0.5835348676080427,0.2586660481370587,0.5085922218605576,0.04171164295259434
0.850882351339006,0.0857316607736097,0.5839953901241841,0.25832116375724484,0.5082530509079556,0.04114196242396219
0.8599342912468678,0.0857135530218505,0.5844492053376443,0.25798052749305517,0.5079178353760135,0.04058037586649196
0.8689862311547296,0.08569573786660803,0.5848963810247265,0.25764406090092673,0.5075865058302148,0.04002678998881196
0.8780381710625914,0.08567821176028269,0.5853369842184023,0.2573116866062692,0.5072589936179241,0.039481112995738685
0.8870901109704532,0.08566097120966941,0.5857710812062178,0.2569833282811557,0.5069352308541553,0.038943254588393615
0.8961420508783149,0.08564401277539267,0.586198737528391,0.2566589106224064,0.5066151504074927,0.03841312596487826
0.9051939907861767,0.0856273330713498,0.5866200179760953,0.25633835933005344,0.5062986858861609,0.03789063982151529
0.9142459306940385,0.0856109287641625,0.587034986589919,0.25602160108617916,0.5059857716242416,0.03737571035466864
0.9232978706019002,0.08559479657263663,0.5874437066584975,0.2557085635341177,0.5056763426680327,0.03686825326314978
0.932349810509762,0.08557893326723016,0.5878462407173072,0.25539917525801126,0.5053703347625494,0.03636818575122275
0.9414017504176238,0.08556333566952924,0.5882426505476174,0.25509336576271274,0.5050676843381615,0.035875426532215225
0.9504536903254855,0.08554800065173232,0.5886329971755924,0.2547910654540253,0.5047683284973665,0.035389895832745724
0.9595056302333473,0.08553292513614247,0.5890173408715363,0.2544922056192713,0.5044722050016941,0.03491151539757544
0.968557570141209,0.0855181060946675,0.5893957411492768,0.2541967184081821,0.5041792522587399,0.034440208495091114
0.9776095100490708,0.08550354054832839,0.5897682567656767,0.25390453681410086,0.5038894093093254,0.03397589992342876
0.9866614499569326,0.08548922556677534,0.5901349457202728,0.25361559465549055,0.5036026158147816,0.03351851601724039
0.9957133898647943,0.08547515826781202,0.590495865255031,0.2533298265577396,0.5033188120443539,0.033067984655112535
1.0047653297726562,0.08546133581692757,0.5908510718542143,0.2530471679352573,0.5030379388627236,0.03262423526763619
1.0138172696805179,0.08544775542683655,0.591200621244357,0.2527675549738527,0.5027599377176475,0.03218719884613326
1.0228692095883796,0.08543441435702671,0.5915445683943389,0.2524909246133889,0.502484750627707,0.031756807952037405
1.0319211494962415,0.08542130991331462,0.591882967515554,0.25221721453070595,0.5022123201701706,0.03133299672692828
1.0409730894041032,0.08540843944740902,0.5922158720621681,0.25194636312280627,0.5019425894689613,0.030915700903215416
1.050025029311965,0.08539580035648206,0.5925433347314593,0.2516783094902947,0.5016755021827304,0.030504857815463537
1.0590769692198267,0.08538339008274821,0.5928654074642365,0.25141299342106793,0.5014110024930326,0.03010040641235134
1.0681289091276884,0.08537120611305098,0.5931821414453308,0.2511503553742463,0.5011490350926022,0.02970228726924947
1.0771808490355503,0.08535924597845727,0.5934935871041517,0.2508903364643413,0.5008895451737252,0.02931044260140283
1.086232788943412,0.08534750725385955,0.5937997941153081,0.25063287844565374,0.5006324784167061,0.02892481627769514
1.0952847288512737,0.08533598755758558,0.5941008113992833,0.25037792369689565,0.500377780978428,0.028545353834973586
1.1043366687591356,0.08532468455101597,0.5943966871231628,0.25012541520603054,0.5001253994810007,0.028172002492901548
1.1133886086669973,0.08531359593820922,0.5946874687014092,0.2498752965553263,0.4998752810004975,0.027804711169307397
1.122440548574859,0.08530271946553464,0.5949732027966773,0.24962751190661467,0.4996273730557751,0.0274434304959879
1.1314924884827209,0.08529205292131264,0.595253935320667,0.24938200598675234,0.49938162359737703,0.027088112834921414
1.1405444283905826,0.08528159413546292,0.5955297114350089,0.24913872407327828,0.4991379809965159,0.026738712294835675
1.1495963682984445,0.08527134097916006,0.5958005755521766,0.24889761198026114,0.4988963940341332,0.02639518474807354
1.1586483082063062,0.08526129136449695,0.5960665713364219,0.24865861604433287,0.49865681189003414,0.02605748784768692
1.1677002481141678,0.08525144324415568,0.5963277417047296,0.24842168311090246,0.49841918413209424,0.025725581044683404
1.1767521880220297,0.08524179461108608,0.5965841288277844,0.24818676052054534,0.498183460705537,0.02539942560534208
1.1858041279298914,0.08523234349819196,0.5968357741309502,0.24795379609556334,0.49794959192227817,0.025078984628502797
1.1948560678377533,0.08522308797802491,0.5970827182952516,0.24772273812671047,0.49771752845033546,0.024764223062727513
1.203908007745615,0.08521402616248568,0.5973250012583592,0.2474935353600801,0.49748722130330153,0.02445510772321642
1.2129599476534767,0.08520515620253331,0.5975626622155703,0.24726613698414843,0.4972586218298768,0.024151607308356082
1.2220118875613386,0.08519647628790185,0.5977957396207834,0.24704049261697014,0.49703168170346057,0.02385369241576079
1.2310638274692003,0.08518798464682464,0.5980242711874608,0.24681655229352184,0.49680635291179787,0.023561335557659317
1.240115767377062,0.08517967954576644,0.5982482938895766,0.2465942664531885,0.49658258774667935,0.023274511175465723
1.2491677072849239,0.08517155928916303,0.598467843962545,0.24637358592738917,0.49636033879369246,0.022993195653359052
1.2582196471927856,0.08516362221916865,0.5986829569041264,0.24615446192733736,0.49613955892202083,0.02271736733068648
1.2672715871006472,0.0851558667154111,0.5988936674753055,0.24593684603193242,0.4959202012742901,0.022447006512988456
1.2763235270085092,0.08514829119475456,0.5991000097011396,0.24572069017577713,0.4957022192564576,0.02218209548143263
1.2853754669163708,0.08514089411107019,0.5993020168715728,0.24550594663731853,0.4954855665277431,0.021922618500430213
1.2944274068242327,0.08513367395501442,0.5994997215422107,0.24529256802710725,0.49527019699059954,0.021668561823195664
1.3034793467320944,0.08512662925381519,0.5996931555350543,0.24508050727617195,0.4950560647807195,0.02141991369499754
1.312531286639956,0.08511975857106588,0.5998823499391891,0.24486971762450493,0.494843124257077,0.02117666435383706
1.321583226547818,0.08511306050652723,0.6000673351114233,0.24466015260965523,0.49463132999200043,0.020938806028281638
1.3306351664556797,0.08510653369593704,0.6002481406768746,0.24445176605542582,0.4944206367612762,0.020706332932169065
1.3396871063635416,0.08510017681082789,0.6004247955295011,0.2442445120606707,0.49421099953427855,0.020479241255890478
1.3487390462714033,0.08509398855835282,0.600597327832572,0.24403834498818913,0.4940023734641253,0.020257529153956347
1.357790986179265,0.08508796768111893,0.6007657650190751,0.24383321945371292,0.49379471387785523,0.020041196728543514
1.3668429260871269,0.08508211295702929,0.6009301337920573,0.24362909031498373,0.49358797626662637,0.019830246008721554
1.3758948659949886,0.08507642319913268,0.6010904601248963,0.24342591266091684,0.49338211627593154,0.019624680925056693
1.3849468059028502,0.08507089725548161,0.6012467692614977,0.24322364180084804,0.4931770896958293,0.019424507279299695
1.3939987458107121,0.08506553400899869,0.6013990857164152,0.24302223325386071,0.49297285245118794,0.019229732708870816
1.4030506857185738,0.08506033237735101,0.6015474332748907,0.24282164273818932,0.49276936059193993,0.01904036664586946
1.4121026256264355,0.08505529131283313,0.6016918349928111,0.24262182616069677,0.49256657028334433,0.018856420270352198
1.4211545655342974,0.08505040980225821,0.6018323131965769,0.2424227396064219,0.49236443779625466,0.018677906457650377
1.430206505442159,0.0850456868668579,0.6019688894828815,0.2422243393281947,0.4921629194973903,0.018504839719521066
1.439258445350021,0.08504112156219049,0.6021015847183953,0.24202658173631555,0.4919619718396083,0.018337236138964798
1.4483103852578827,0.08503671297805789,0.6022304190393533,0.2418294233882959,0.49176155135217303,0.018175113298579553
1.4573623251657444,0.08503246023843118,0.602355411851042,0.24163282097865743,0.49156161463102205,0.01801849020236965
1.4664142650736063,0.08502836250138501,0.6024765818271822,0.24143673132878646,0.4913621183290247,0.017867387190978825
1.475466204981468,0.08502441895904088,0.6025939469092032,0.24124111137684112,0.49116301914623123,0.017721825850377494
1.4845181448893299,0.08502062883751925,0.6027075243054077,0.24104591816770837,0.49096427382011043,0.01758182891409544
1.4935700847971916,0.08501699139690092,0.6028173304900212,0.24085110884300753,0.4907658391157717,0.017447420159166043
1.5026220247050532,0.08501350593119739,0.6029233812021233,0.24065664063113842,0.49056767181617095,0.017318624296019255
1.5116739646129151,0.08501017176833059,0.6030256914444592,0.24046247083737074,0.49036972871229595,0.017195466852642748
1.5207259045207768,0.08500698827012189,0.6031242754821237,0.2402685568339721,0.49017196659332946,0.01707797405341522
1.5297778444286385,0.0850039548322907,0.6032191468411195,0.24007485605037218,0.4899743422367871,0.016966172693097345
1.5388297843365004,0.08500107088446264,0.603310318306782,0.23988132596336018,0.4897768123986273,0.01686009000655996
1.547881724244362,0.08499833589018738,0.6033978019220677,0.23968792408731318,0.4895793338033308,0.016759753534911066
1.5569336641522238,0.08499574934696644,0.6034816089857054,0.23949460796445254,0.48938186313394627,0.016665190988771984
1.5659856040600857,0.08499331078629098,0.6035617500502026,0.2393013351551258,0.4891843570221004,0.01657643010953413
1.5750375439679474,0.08499101977368971,0.6036382349197067,0.23910806322811193,0.48898677203796825,0.016493498529507898
1.5840894838758093,0.08498887590878708,0.6037110726477134,0.23891474975094681,0.4887890646802021,0.01641642363194406
1.593141423783671,0.08498687882537194,0.6037802715346232,0.23872135228026695,0.4885911913658155,0.016345232411969314
1.6021933636915326,0.08498502819147685,0.6038458391251381,0.23852782835216868,0.48839310842001926,0.016279951339532205
1.6112453035993946,0.08498332370946812,0.6039077822054965,0.2383341354725804,0.48819477206600687,0.01622060622549195
1.6202972435072562,0.08498176511614684,0.6039661068005414,0.23814023110764568,0.4879961384146863,0.016167222092009364
1.6293491834151181,0.08498035218286096,0.6040208181706191,0.23794607267411444,0.4877971634543547,0.016119823048408283
1.6384011233229798,0.08497908471562887,0.6040719208083022,0.23775161752974028,0.4875978030403134,0.01607843217366985
1.6474530632308415,0.08497796255527439,0.6041194184349342,0.23755682296368086,0.4873980128844196,0.01604307140669736
1.6565050031387034,0.0849769855775734,0.6041633139969911,0.23736164618689992,0.48719774854457193,0.0160137614454489
1.665556943046565,0.08497615369341269,0.6042036096622555,0.23716604432256783,0.4869969654141264,0.0159905216559731
1.6746088829544268,0.08497546684896069,0.604240306815798,0.2369699743964587,0.4867956187112397,0.01597336999231098
1.6836608228622887,0.08497492502585083,0.6042734060557621,0.23677339332734162,0.48659366346813604,0.015962322928128103
1.6927127627701504,0.08497452824137733,0.6043029071889476,0.23657625791736386,0.48639105452029424,0.015957395400836488
1.701764702678012,0.08497427654870401,0.6043288092261881,0.23637852484242364,0.4861877464955525,0.01595860076884127
1.710816642585874,0.08497417003708632,0.6043511103775168,0.2361801506425301,0.48598369380312556,0.01596595078241393
1.7198685824937356,0.08497420883210657,0.604369808047116,0.23598109171214862,0.4857788506225324,0.01597945556855057
1.7289205224015975,0.08497439309592308,0.6043848988280455,0.23578130429052874,0.4855731708924297,0.015999123630024564
1.7379724623094592,0.08497472302753316,0.6043963784967438,0.23558074445201266,0.48536660829934797,0.016024961858686317
1.747024402217321,0.08497519886305054,0.6044042420072978,0.23537936809632232,0.4851591162663259,0.01605697556291375
1.7560763421251828,0.08497582087599724,0.6044084834854737,0.2351771309388224,0.4849506479414399,0.016095168508960842
1.7651282820330445,0.08497658937761052,0.6044090962225053,0.23497398850075746,0.48474115618622426,0.01613954297580507
1.7741802219409064,0.08497750471716507,0.6044060726686327,0.2347698960994607,0.4845305935639779,0.016190099822957184
1.783232161848768,0.08497856728231079,0.6043994044263851,0.2345648088385322,0.4843189123279538,0.01624683857056711
1.7922841017566298,0.08497977749942659,0.6043890822436028,0.23435868159798479,0.4841060644094275,0.016309757491041174
1.8013360416644917,0.0849811358339906,0.6043750960061903,0.23415146902435482,0.48389200140563887,0.01637885371128791
1.8103879815723534,0.08498264279096712,0.604357434730596,0.2339431255207762,0.4836766745676043,0.016454123324619558
1.819439921480215,0.08498429891521078,0.6043360865560091,0.23373360523701497,0.483460034787794,0.016535561511270648
1.828491861388077,0.08498610479188833,0.6043110387362697,0.23352286205946288,0.4832420325876702,0.016623162666440323
1.8375438012959386,0.08498806104691842,0.6042822776314828,0.23331084960108722,0.4830226181050813,0.016716920534732588
1.8465957412038003,0.08499016834742999,0.6042497886993292,0.23309752119133514,0.48280174108150764,0.016816828349852993
1.8556476811116622,0.08499242740223967,0.6042135564860672,0.23288282986599004,0.48257935084915315,0.016922878978416173
1.864699621019524,0.08499483896234851,0.6041735646172148,0.23266672835697816,0.48235539631787905,0.017035065066740275
1.8737515609273858,0.08499740382145897,0.6041297957879064,0.23244916908212285,0.4821298259619735,0.01715337918952982
1.8828035008352475,0.0850001228165123,0.6040822317529153,0.23223010413484468,0.4819025878067524,0.017277813999393665
1.8918554407431092,0.08500299682824711,0.6040308533163324,0.23200948527380497,0.4816736294149857,0.017408362376201886
1.900907380650971,0.08500602678177957,0.6039756403208928,0.23178726391249094,0.48144289787314437,0.017545017575345705
1.9099593205588328,0.08500921364720605,0.6039165716369425,0.23156339110873972,0.48121033977746125,0.017687773374038842
1.9190112604666947,0.0850125584402285,0.603853625151033,0.2313378175541998,0.48097590121980105,0.017836624214879394
1.9280632003745564,0.08501606222280352,0.6037867777541371,0.23111049356372718,0.48073952777333295,0.017991565345968682
1.937115140282418,0.0850197261038158,0.6037160053294734,0.23088136906471401,0.480501164478,0.01815259295697272
1.94616708019028,0.08502355123977628,0.6036412827399305,0.2306503935863483,0.48026075582577876,0.01831970431059608
1.9552190200981416,0.08502753883554622,0.6035625838150793,0.2304175162488014,0.4800182457457231,0.018492897869022955
1.9642709600060033,0.08503169014508762,0.6034798813377642,0.23018268575234205,0.47977357758878514,0.018672173414964178
1.9733228999138652,0.08503600647224098,0.603393147030258,0.22994585036637388,0.47952669411240695,0.018857532167029994
1.982374839821727,0.0850404891715311,0.6033023515399732,0.2297069579183953,0.47927753746487567,0.01904897688922305
1.9914267797295886,0.08504513964900183,0.6032074644247133,0.22946595578287826,0.4790260491694353,0.019246511994421293
2.0004787196374503,0.08504995936308063,0.6031084541374545,0.22922279087006467,0.4787721701081472,0.019450143641783452
2.0095306595453124,0.08505494982547403,0.6030052880106429,0.22897740961467763,0.4785158405054922,0.019659879828075127
2.018582599453174,0.08506011260209463,0.6028979322399938,0.2287297579645456,0.47825699991170606,0.019875730472965678
2.0276345393610358,0.08506544931402102,0.6027863518677798,0.2284797813691369,0.477995587185841,0.020097707498397014
2.0366864792688975,0.08507096163849136,0.6026705107655924,0.22822742476800256,0.4777315404785438,0.02032582490216983
2.045738419176759,0.085076651309932,0.602550371616562,0.22797263257912487,0.4774647972145432,0.020560098825927756
2.0547903590846213,0.08508252012102194,0.602425895897021,0.22771534868716975,0.4771952940748366,0.02080054761775541
2.063842298992483,0.08508856992379465,0.6022970438575935,0.22745551643164036,0.4769229669785681,0.02104719188962996
2.0728942389003446,0.08509480263077832,0.6021637745036955,0.22719307859492927,0.4766477510645878,0.021300054569988628
2.0819461788082063,0.08510122021617565,0.6020260455754258,0.22692797739026746,0.4763695806726826,0.021559160951692673
2.090998118716068,0.08510782471708504,0.6018838135268335,0.2266601544495674,0.4760883893244693,0.02182453873567681
2.10005005862393,0.08511461823476392,0.6017370335045397,0.2263895508111577,0.47580410970393866,0.022096218070586447
2.109101998531792,0.08512160293593622,0.6015856593256954,0.22611610690740686,0.47551667363764105,0.02237423158870697
2.1181539384396535,0.08512878105414512,0.6014296434552561,0.2258397625522341,0.4752260120745013,0.022658614438491567
2.127205878347515,0.08513615489115296,0.6012689369825508,0.22556045692850413,0.4749320550652526,0.02294940431399336
2.136257818255377,0.08514372681838969,0.6011034895971247,0.2252781285753037,0.47463473174147686,0.023246641481505455
2.1453097581632385,0.08515149927845178,0.6009332495638323,0.22499271537509724,0.4743339702942403,0.02355036880370474
2.1543616980711007,0.08515947478665334,0.6007581636971582,0.22470415454075907,0.47402969795231087,0.023860631761590857
2.1634136379789624,0.08516765593263115,0.6005781773347404,0.22441238260247928,0.47372184095994485,0.024177478474501166
2.172465577886824,0.08517604538200588,0.600393234310072,0.2241173353945411,0.4734103245542297,0.024500959718474883
2.1815175177946857,0.08518464587810123,0.6002032769243535,0.2238189480419661,0.47309507294196806,0.024831128943228337
2.1905694577025474,0.08519346024372335,0.6000082459174698,0.2235171549470257,0.47277600927609015,0.0251680422879924
2.1996213976104095,0.08520249138300251,0.5998080804380629,0.223211889775615,0.4724530556315781,0.0255117585964522
2.208673337518271,0.08521174228329972,0.5996027180126707,0.2229030854434868,0.4721261329808876,0.02586233943101761
2.217725277426133,0.08522121601718036,0.5993920945139015,0.2225906741023423,0.47179516116885123,0.026219849086642353
2.2267772173339946,0.08523091574445744,0.5991761441276116,0.22227458712577616,0.47146005888704523,0.02658435460439637
2.2358291572418563,0.08524084471430748,0.5989547993190545,0.2219547550950723,0.4711207436476049,0.026955925784985922
2.244881097149718,0.0852510062674612,0.5987279907979652,0.22163110778484732,0.4707771317564685,0.02733463520240638
2.25393303705758,0.08526140383847242,0.5984956474825448,0.22130357414853885,0.4704291382860322,0.027720558217899184
2.2629849769654418,0.08527204095806803,0.5982576964623065,0.220972082303735,0.47007667704719724,0.028113772994377517
2.2720369168733034,0.0852829212555821,0.5980140629597474,0.22063655951734173,0.46971966056078784,0.0285143605114724
2.281088856781165,0.08529404846147752,0.5977646702908006,0.22029693219058497,0.46935800002832057,0.028922404581345644
2.290140796689027,0.08530542640995892,0.5975094398240305,0.2199531258438434,0.4689916053021028,0.02933799186540407
2.299192736596889,0.0853170590416799,0.5972482909385224,0.21960506510130887,0.4686203848546378,0.02976121189204441
2.3082446765047506,0.08532895040654903,0.5969811409804239,0.2192526736754702,0.46824424574731316,0.03019215707554921
2.3172966164126123,0.08534110466663823,0.596707905218089,0.21889587435141683,0.4678630935983483,0.030630922736247818
2.326348556320474,0.08535352609919789,0.5964284967957744,0.21853458897095834,0.467476832549976,0.031077607122051865
2.3354004962283357,0.0853662190997829,0.5961428266858368,0.21816873841655532,0.46708536523483085,0.03153231143146641
2.344452436136198,0.08537918818549455,0.5958508036393769,0.21779824259505803,0.4666885927415176,0.03199513983817659
2.3535043760440595,0.08539243799834272,0.5955523341352721,0.21742302042124806,0.46628641457933134,0.032466199517302056
2.362556315951921,0.08540597330873384,0.59524732232754,0.2170429898011783,0.4658787286420988,0.03294560067341088
2.371608255859783,0.08541979901908948,0.5949356699909706,0.216658067615307,0.46546543117110967,0.033433456570378585
2.3806601957676445,0.08543392016760162,0.5946172764649627,0.21626816970142068,0.4650464167171065,0.03392988356317755
2.3897121356755067,0.08544834193213002,0.5942920385954957,0.2158732108373408,0.4646215781012982,0.03443500113167989
2.3987640755833683,0.08546306963424817,0.5939598506751693,0.21547310472340933,0.46419080637536253,0.03494893191655352
2.40781601549123,0.08547810874344412,0.5936206043812334,0.21506776396474714,0.4637539907803998,0.03547180175733337
2.4168679553990917,0.08549346488148302,0.5932741887115354,0.21465710005328015,0.4633110187048007,0.03600373973274531
2.4259198953069534,0.08550914382693847,0.5929204899183007,0.2142410233495266,0.46286177564098613,0.036544878203364536
2.434971835214815,0.08552515151990031,0.5925593914396653,0.21381944306413983,0.46240614514097866,0.03709535285668701
2.444023775122677,0.08554149406686659,0.5921907738288695,0.21339226723919963,0.4619440087707596,0.037655302754695884
2.453075715030539,0.08555817774582813,0.5918145146810224,0.21295940272924568,0.4614752460633676,0.03822487038400547
2.4621276549384006,0.08557520901155447,0.5914304885573394,0.21252075518204563,0.46099973447068887,0.03880420170866679
2.4711795948462623,0.08559259450109022,0.5910385669067522,0.21207622901909048,0.46051734931388905,0.03939344622572171
2.480231534754124,0.08561034103947181,0.5906386179847856,0.21162572741580976,0.46002796373243415,0.03999275702359425
2.489283474661986,0.08562845564567466,0.5902305067695884,0.2111691522814974,0.45953144863164413,0.04060229084341327
2.4983354145698478,0.08564694553880159,0.5898140948750039,0.21070640423894077,0.4590276726287216,0.04122220814336096
2.5073873544777094,0.08566581814452387,0.5893892404605556,0.21023738260374256,0.45851650199719374,0.041852673166148845
2.516439294385571,0.08568508110178699,0.588955798138223,0.2097619853633269,0.4579978006097048,0.042493854009724656
2.525491234293433,0.08570474226979365,0.5885136188758694,0.20928010915561915,0.45747142987909,0.04314592270132097
2.5345431742012945,0.08572480973527741,0.5880625498971845,0.20879164924738816,0.45693724869766106,0.04380905527495974
2.5435951141091566,0.08574529182008131,0.5876024345779897,0.20829649951224097,0.45639511337462957,0.044483431852534464
2.5526470540170183,0.08576619708905599,0.5871331123387528,0.20779455240825656,0.45584487757158854,0.04516923672859669
2.56169899392488,0.08578753435829345,0.586654418533149,0.20728569895524698,0.4552863922359716,0.04586665845898111
2.5707509338327417,0.08580931270371289,0.586166184332494,0.206769828711632,0.4547195055324018,0.046575889953411366
2.5798028737406034,0.08583154147001647,0.5856682366058701,0.2062468297509134,0.4541440627718405,0.04729712857223493
2.5888548136484655,0.08585423028003347,0.5851603977957544,0.20571658863773337,0.4535599063384388,0.04803057622744679
2.597906753556327,0.08587738904447277,0.5846424857889498,0.20517899040350154,0.45296687561399185,0.04877643948816668
2.606958693464189,0.0859010279721045,0.584114313782607,0.2046339185215732,0.4523648068998883,0.049534929690749185
2.6160106333720505,0.08592515758039317,0.5835756901451158,0.204081254881961,0.4517535333364433,0.050306263053711886
2.625062573279912,0.08594978870660563,0.5830264182716329,0.20352087976556055,0.45113288481949587,0.051090660797680876
2.6341145131877743,0.08597493251941904,0.5824662964339988,0.20295267181786994,0.45050268791414544,0.05188834927056368
2.643166453095636,0.08600060053105514,0.5818951176247843,0.20237650802218082,0.4498627657654952,0.05269956007817184
2.6522183930034977,0.0860268046099691,0.5813126693951923,0.20179226367221811,0.4492129380062624,0.053524530220530164
2.6612703329113594,0.08605355699412272,0.580718733686527,0.20119981234420348,0.44855302066110697,0.05436350223412221
2.670322272819221,0.08608087030487381,0.5801130866549227,0.2005990258683161,0.4478828260475234,0.055216724340339245
2.679374212727083,0.08610875756151536,0.5794954984890124,0.1999897742995224,0.4472021626731275,0.05608445060041329
2.688426152634945,0.08613723219650063,0.5788657332201941,0.19937192588774452,0.4465108351291652,0.05696694107713541
2.6974780925428066,0.08616630807139221,0.5782235485251344,0.19874534704733524,0.44580864398005476,0.05786446200367683
2.7065300324506683,0.08619599949357579,0.577568695520129,0.19810990232582448,0.44509538564876683,0.0587772859598513
2.71558197235853,0.08622632123378206,0.5769009185469176,0.1974654543719008,0.4443708522978311,0.05970569205617797
2.7246339122663916,0.08625728854446288,0.5762199549495238,0.1968118639025876,0.44363483170574824,0.06064996612612785
2.7336858521742537,0.08628891717907124,0.5755255348416726,0.1961489896695719,0.4428871071385708,0.061610400926958526
2.7427377920821154,0.08632122341229728,0.5748173808643011,0.1954766884246399,0.4421274572164003,0.06258729634957196
2.751789731989977,0.08635422406131701,0.5740952079326598,0.19479481488416975,0.4413556557745349,0.06358095963785385
2.760841671897839,0.08638793650811348,0.5733587229724614,0.19410322169262986,0.44057147171898214,0.06459170561798558
2.7698936118057005,0.0864223787229347,0.5726076246445093,0.19340175938502532,0.43977466887603395,0.06561985693825
2.7789455517135626,0.08645756928895708,0.5718416030571952,0.19269027634823171,0.43896500583558107,0.06666574431988903
2.7879974916214243,0.08649352742822779,0.5710603394662243,0.19196861878115146,0.4381422357878221,0.0677297068196033
2.797049431529286,0.08653027302896495,0.5702635059608789,0.19123663065362087,0.43730610635299944,0.06881209210432968
2.8061013714371477,0.08656782667429998,0.5694507651360943,0.19049415366399372,0.436456359403771,0.06991325673896907
2.8151533113450093,0.0866062096725527,0.5686217697495688,0.189741027195318,0.43559273087979555,0.07103356648778548
2.824205251252871,0.08664544408913635,0.5677761623630819,0.18897708827001838,0.4347149505940857,0.07217339663024708
2.833257191160733,0.08668555278019693,0.5669135749671403,0.1882021715029891,0.43382274203064675,0.07333313229212983
2.842309131068595,0.08672655942809906,0.5660336285880112,0.18741610905299438,0.4329158221328881,0.0745131687927644
2.8513610709764565,0.08676848857887892,0.5651359328761433,0.18661873057226508,0.43199390108225494,0.0757139120093656
2.860413010884318,0.08681136568179433,0.5642200856749032,0.18580986315417222,0.4310566820664914,0.07693577875945229
2.86946495079218,0.08685521713111155,0.5632856725684878,0.1849893312788468,0.43010386103689746,0.0781791972024344
2.878516890700042,0.08690007031027994,0.5623322664077867,0.18415695675660615,0.4291351264539016,0.07944460726152444
2.8875688306079037,0.08694595363865677,0.5613594268128927,0.1833125586690339,0.42815015902021325,0.08073246106721016
2.8966207705157654,0.08699289662095806,0.560366699650859,0.1824559533075493,0.42714863140076814,0.0820432234236195
2.905672710423627,0.08704092989962509,0.5593536164872029,0.18158695410928702,0.4261302079286178,0.0833773722992043
2.9147246503314888,0.08709008531031161,0.558319694009555,0.18070537159009314,0.4250945442958462,0.08473539934327594
2.923776590239351,0.08714039594071421,0.557264433421723,0.17981101327442708,0.42404128722852813,0.08611781043004221
2.9328285301472126,0.08719189619298587,0.5561873198063271,0.1789036836219407,0.4229700741446618,0.08752512623191841
2.9418804700550742,0.08724462184999399,0.5550878214540109,0.1779831839504851,0.4218805327939239,0.08895788282402385
2.950932409962936,0.08729861014570556,0.5539653891570964,0.1770493123552754,0.42077228087800106,0.09041663232192011
2.9599843498707976,0.08735389984000713,0.5528194554653759,0.17610186362391816,0.4196449256501479,0.09190194355481077
2.9690362897786597,0.08741053129829365,0.5516494339015643,0.17514062914698017,0.41849806349250906,0.09341440277659877
2.9780882296865214,0.08746854657618995,0.5504547181337377,0.17416539682374887,0.41733127946961857,0.09495461441738552
2.987140169594383,0.08752798950980113,0.5492346811018732,0.1731759509628013,0.4161441468563523,0.09652320187821141
2.996192109502245,0.08758890581192379,0.547988674095375,0.17217207217696506,0.41493622663846197,0.09812080837206004
3.0052440494101065,0.08765134317468995,0.546716025778217,0.17115353727221408,0.4137070669836498,0.09974809781440455
3.014295989317968,0.0877153513791589,0.545416041158057,0.1701201191299999,0.41245620268096334,0.10140575576684735
3.0233479292258303,0.08778098241242087,0.5440880004953735,0.1690715865824718,0.4111831545460876,0.10309449043770515
3.032399869133692,0.08784829059283,0.542731158148344,0.16800770427998626,0.40988742878988893,0.10481503374372395
3.0414518090415537,0.08791733270404375,0.5413447413488138,0.16692823255024777,0.40856851634731695,0.10656814243747449
3.0505037489494153,0.08798816813861195,0.539927948904309,0.16583292724835919,0.4072258921635008,0.10835459930537514
3.059555688857277,0.08806085905193238,0.5384799498205946,0.16472153959698752,0.4058590144335684,0.11017521444173774
3.068607628765139,0.08813547052747214,0.5369998818387983,0.16359381601577133,0.4044673237923817,0.11203082660471493
3.077659568673001,0.08821207075424507,0.5354868498805719,0.16244949793900823,0.40305024245000554,0.11392230466057073
3.0867115085808625,0.08829073121763839,0.5339399243941692,0.1612883216205599,0.4016071732683069,0.11585054912329265
3.095763448488724,0.08837152690479622,0.5323581395936555,0.16011001792480462,0.4001374987736148,0.11781649379722506
3.104815388396586,0.08845453652589587,0.5307404915827291,0.15891431210234147,0.39864058009984565,0.11982110753114053
3.1138673283044476,0.08853984275279725,0.5290859363538155,0.15770092354901386,0.39711575585591397,0.1218653960929821
3.1229192682123097,0.08862753247670795,0.5273933876521936,0.1564695655466645,0.39556234091058834,0.12395040417541942
3.1319712081201714,0.0887176970866896,0.5256617146938906,0.15521994498386144,0.3939796250872137,0.12607721754337836
3.141023148028033,0.08881043277103694,0.5238897397249592,0.1539517620546375,0.39236687175988433,0.12824696533583727
3.1500750879358947,0.08890584084379498,0.5220762354084838,0.15266470993306866,0.390723316341716,0.13046082253544902
3.1591270278437564,0.08900402809894384,0.5202199220242404,0.15135847442126588,0.3890481646547968,0.13272001262097707
3.1681789677516186,0.08910510719508055,0.5183194644643547,0.1500327335680771,0.3873405911701962,0.13502581041912265
3.1772309076594802,0.08920919707376919,0.5163734690065024,0.14868715725547768,0.38559973710504225,0.13737954517412634
3.186282847567342,0.08931642341511924,0.5143804798441881,0.14732140674926814,0.3838247083621222,0.13978260385554672
3.1953347874752036,0.08942691913459659,0.5123389753513617,0.14593513421029017,0.3820145732956927,0.14223643472691114
3.2043867273830653,0.08954082492558045,0.5102473640560551,0.14452798216190568,0.380168360285158,0.1447425512005228
3.2134386672909274,0.08965828985276289,0.5081039802948019,0.14309958290895355,0.37828505509596005,0.14730253600664944
3.222490607198789,0.08977947200215934,0.505907079516289,0.14164955790279207,0.3763635980043661,0.1499180457086569
3.231542547106651,0.0899045391942722,0.5036548331989044,0.14017751704633866,0.3744028806597762,0.15259081559946236
3.2405944870145125,0.09003366976784401,0.5013453233425316,0.13868305793222205,0.37240174265465253,0.15532266501902944
3.249646426922374,0.09016705344267391,0.498976536490004,0.13716576500624106,0.3703589677680845,0.15811550313760847
3.2586983668302363,0.09030489227117558,0.49654635722795487,0.135625208647264,0.3682732798442808,0.1609713352551478
3.267750306738098,0.09044740168975882,0.49405256111028056,0.13406094415347564,0.3661433382617737,0.16389226967388182
3.2768022466459596,0.09059481168275832,0.4914928069398959,0.13247251062345397,0.3639677329427074,0.16688052520870975
3.2858541865538213,0.09074736807355714,0.4888646283357479,0.13085942971890313,0.36174497884407897,0.16993843940877698
3.294906126461683,0.09090533395981568,0.48616542450192773,0.1292212042939353,0.35947350986398885,0.1730684775738986
3.3039580663695447,0.0910689913123874,0.48339245010393056,0.12755731687353242,0.35715167208558946,0.1762732426613778
3.313010006277407,0.0912386427606661,0.48054280414333267,0.1258672279611621,0.3547777162691621,0.17955548619270095
3.3220619461852685,0.09141461359086807,0.47761341770599575,0.12415037415239469,0.3523497894882225,0.18291812028592722
3.33111388609313,0.0915972539882379,0.47460104043987883,0.12240616602766777,0.3498659257882479,0.18636423095883814
3.340165826000992,0.0917869415595385,0.47150222559606975,0.12063398579296067,0.34732403572594955,0.18989709287064152
3.3492177659088536,0.09198408417864722,0.46831331343997346,0.118833184631914,0.3447218946221925,0.19352018569701857
3.3582697058167157,0.09218912320588545,0.46503041280783386,0.11700307972668549,0.3420571293317616,0.19723721236545186
3.3673216457245774,0.0924025371411809,0.46164938054575144,0.11514295089733405,0.3393272032969565,0.20105211941626225
3.376373585632439,0.09262484578271162,0.4581657985226638,0.11325203680048194,0.33652939960794204,0.20496911980106264
3.3854255255403007,0.0928566149768349,0.4545749478535613,0.11132953061705395,0.3336608017389126,0.20899271848625167
3.3944774654481624,0.09309846206254327,0.4508717799021804,0.10937457514555791,0.33071827156290884,0.2131277412970914
3.403529405356024,0.09335106213529468,0.447050883550597,0.1073862572010617,0.32769842416627776,0.2173793675208432
3.4125813452638862,0.09361515528199083,0.44310644812266925,0.10536360119995453,0.3245975988819919,0.22175316688929186
3.421633285171748,0.09389155497264581,0.43903222122417085,0.10330556178576,0.32141182583371136,0.22625514168683564
3.4306852250796096,0.09418115783691756,0.4348214606081411,0.10121101532036904,0.31813678712209476,0.2308917748868279
3.4397371649874713,0.09448495510787133,0.43046687898081587,0.09907875002636361,0.3147677715814686,0.23567008541480042
3.448789104895333,0.09480404608476406,0.4259605804199161,0.09690745451728826,0.3112996217750485,0.24059769188434002
3.457841044803195,0.0951396540562661,0.421293986767532,0.09469570439071959,0.3077266715621504,0.24568288646549585
3.466892984711057,0.09549314524224373,0.4164577519632073,0.09244194647959625,0.3040426721359952,0.2509347209481357
3.4759449246189185,0.0958660514655841,0.4114416617700512,0.09014448025478576,0.30024070386072865,0.25636310758315
3.48499686452678,0.09626009746903817,0.4062345156774651,0.0878014357383892,0.29631307048186245,0.2619789379637638
3.494048804434642,0.09667723406493149,0.40082398688156723,0.08541074711176416,0.2922511712752648,0.26779422410513004
3.503100744342504,0.09711967867566888,0.39519645506776546,0.08297012096906861,0.2880453453348424,0.27382226707495055
3.5121526842503656,0.09758996533105477,0.3893368051321856,0.08047699785387148,0.2836846803298893,0.2800778601398362
3.5212046241582273,0.0980910068953896,0.3832281828080816,0.07792850529043581,0.2791567754693334,0.2865775355957703
3.530256564066089,0.09862617329527422,0.37685169515357536,0.07532139993446757,0.27444744475849575,0.2933398675064869
3.5393085039739507,0.09919939095041362,0.3701860396181855,0.07265199564796947,0.26954034141102046,0.3003858468763242
3.548360443881813,0.0998152706988006,0.36320703933279097,0.06991607313836368,0.2644164766771611,0.3077393519474584
3.5574123837896745,0.10047927461602886,0.3558870534015164,0.06710876511968526,0.259053595071918,0.3154277453078416
3.566464323697536,0.10119793685349597,0.3481942177550324,0.06422440847575613,0.25342535089401796,0.3234826429056824
3.575516263605398,0.1019791609765147,0.3400914519478787,0.06125635117630744,0.24750020439649628,0.3319409205268839
3.5845682035132596,0.10283262804845104,0.3315351356606886,0.05819669594815274,0.24123991367133413,0.340846055344483
3.5936201434211212,0.10377036910630326,0.322473307601376,0.05503595359485711,0.23459742878995307,0.35024995188488667
3.6026720833289834,0.10480758879720976,0.31284315414913383,0.05176256396851445,0.22751387643067938,0.3602154881698715
3.611724023236845,0.10596388583623087,0.30256740665176696,0.04836221736382625,0.2199141136076224,0.3708201679647902
3.6207759631447067,0.1072651257221978,0.29154899583365734,0.04481686450362806,0.21169993978182436,0.3821615384410129
3.6298279030525684,0.10874643763238245,0.2796627908929792,0.04110322041671154,0.20273929174363697,0.39436555851806737
3.63887984296043,0.1104572644937552,0.2667421778841627,0.037190403978924175,0.1928481370895871,0.407600185245625
3.6479317828682922,0.11247044566623338,0.2525558290445,0.03303600725009549,0.18175810092013917,0.4220988653390542
3.656983722776154,0.11490000289940275,0.23676402458076215,0.028579076277092046,0.16905347165051668,0.4382046403491567
3.6660356626840156,0.1179402768166949,0.21882664769199703,0.023726331745572544,0.15403354097589442,0.456462867272541
3.6750876025918773,0.12196820753939398,0.19777397480651324,0.018321140130189668,0.13535560620155218,0.4778515775437794
3.684139542499739,0.1279002290153777,0.17144958967366922,0.012056163809481381,0.10980056379400509,0.5045393372300775
3.6931914824076006,0.13966028326656624,0.13164669727271358,0.0040761757220167325,0.0638449349754288,0.5447203425676985
