Pbar,m_min,m_max,n_combinations
224.0,0.059,0.059,1
231.0,0.0585,0.0585,1
232.0,0.0585,0.0585,1
233.0,0.0585,0.0585,1
234.0,0.0585,0.0585,1
235.0,0.0585,0.0585,1
239.0,0.058,0.058,1
240.0,0.058,0.058,1
241.0,0.058,0.058,1
242.0,0.058,0.058,1
243.0,0.058,0.058,1
244.0,0.058,0.058,1
245.0,0.058,0.058,1
246.0,0.0575,0.058,2
247.0,0.0575,0.058,2
248.0,0.0575,0.058,2
249.0,0.0575,0.058,2
250.0,0.0575,0.0575,1
251.0,0.0575,0.0575,1
252.0,0.0575,0.0575,1
253.0,0.057,0.0575,2
254.0,0.057,0.0575,2
255.0,0.057,0.0575,2
256.0,0.057,0.0575,2
257.0,0.057,0.0575,2
258.0,0.057,0.0575,2
259.0,0.057,0.0575,2
260.0,0.0565,0.0575,3
261.0,0.0565,0.0575,3
262.0,0.0565,0.0575,3
263.0,0.0565,0.0575,3
264.0,0.0565,0.0575,3
265.0,0.0565,0.0575,3
266.0,0.0565,0.057,2
267.0,0.0565,0.057,2
268.0,0.056,0.057,3
269.0,0.056,0.057,3
270.0,0.056,0.057,3
271.0,0.056,0.057,3
272.0,0.056,0.057,3
273.0,0.056,0.057,3
274.0,0.056,0.057,3
275.0,0.0555,0.057,4
276.0,0.0555,0.057,4
277.0,0.0555,0.057,4
278.0,0.0555,0.057,4
279.0,0.0555,0.057,4
280.0,0.0555,0.057,4
281.0,0.0555,0.057,4
282.0,0.0555,0.057,4
283.0,0.055,0.057,5
284.0,0.055,0.057,5
285.0,0.055,0.0565,4
286.0,0.055,0.0565,4
287.0,0.055,0.0565,4
288.0,0.055,0.0565,4
289.0,0.055,0.0565,4
290.0,0.055,0.0565,4
291.0,0.0545,0.0565,5
292.0,0.0545,0.0565,5
293.0,0.0545,0.0565,5
294.0,0.0545,0.0565,5
295.0,0.0545,0.0565,5
296.0,0.0545,0.0565,5
297.0,0.0545,0.0565,5
298.0,0.0545,0.0565,5
299.0,0.054,0.0565,6
300.0,0.054,0.0565,6
301.0,0.054,0.0565,6
302.0,0.054,0.0565,6
303.0,0.054,0.0565,6
304.0,0.054,0.0565,6
305.0,0.054,0.0565,6
306.0,0.054,0.0565,6
307.0,0.0535,0.0565,7
308.0,0.0535,0.0565,7
309.0,0.0535,0.056,6
310.0,0.0535,0.056,6
311.0,0.0535,0.056,6
312.0,0.0535,0.056,6
313.0,0.0535,0.056,6
314.0,0.0535,0.056,6
315.0,0.053,0.056,7
316.0,0.053,0.056,7
317.0,0.053,0.056,7
318.0,0.053,0.056,7
319.0,0.053,0.056,7
320.0,0.053,0.056,7
321.0,0.053,0.056,7
322.0,0.053,0.056,7
323.0,0.053,0.056,7
324.0,0.0525,0.056,8
325.0,0.0525,0.056,8
326.0,0.0525,0.056,8
327.0,0.0525,0.056,8
328.0,0.0525,0.056,8
329.0,0.0525,0.056,8
330.0,0.0525,0.056,8
331.0,0.0525,0.056,8
332.0,0.052,0.056,9
333.0,0.052,0.056,9
334.0,0.052,0.056,9
335.0,0.052,0.056,9
336.0,0.052,0.056,9
337.0,0.052,0.056,9
338.0,0.052,0.0555,8
339.0,0.052,0.0555,8
340.0,0.052,0.0555,8
341.0,0.0515,0.0555,9
342.0,0.0515,0.0555,9
343.0,0.0515,0.0555,9
344.0,0.0515,0.0555,9
345.0,0.0515,0.0555,9
346.0,0.0515,0.0555,9
347.0,0.0515,0.0555,9
348.0,0.0515,0.0555,9
349.0,0.0515,0.0555,9
350.0,0.0515,0.0555,9
351.0,0.051,0.0555,10
352.0,0.051,0.0555,10
353.0,0.051,0.0555,10
354.0,0.051,0.0555,10
355.0,0.051,0.0555,10
356.0,0.051,0.0555,10
357.0,0.051,0.0555,10
358.0,0.051,0.0555,10
359.0,0.051,0.0555,10
360.0,0.0505,0.0555,11
361.0,0.0505,0.0555,11
362.0,0.0505,0.0555,11
363.0,0.0505,0.0555,11
364.0,0.0505,0.0555,11
365.0,0.0505,0.0555,11
366.0,0.0505,0.0555,11
367.0,0.0505,0.0555,11
368.0,0.0505,0.0555,11
369.0,0.0505,0.0555,11
370.0,0.05,0.0555,12
371.0,0.05,0.0555,12
372.0,0.05,0.0555,12
373.0,0.05,0.0555,12
374.0,0.05,0.0555,12
375.0,0.05,0.0555,12
376.0,0.05,0.055,11
377.0,0.05,0.055,11
378.0,0.05,0.055,11
379.0,0.05,0.055,11
380.0,0.0495,0.055,12
381.0,0.0495,0.055,12
382.0,0.0495,0.055,12
383.0,0.0495,0.055,12
384.0,0.0495,0.055,12
385.0,0.0495,0.055,12
386.0,0.0495,0.055,12
387.0,0.0495,0.055,12
388.0,0.0495,0.055,12
389.0,0.0495,0.055,12
390.0,0.0495,0.055,12
391.0,0.049,0.055,13
392.0,0.049,0.055,13
393.0,0.049,0.055,13
394.0,0.049,0.055,13
395.0,0.049,0.055,13
396.0,0.049,0.055,13
397.0,0.049,0.055,13
398.0,0.049,0.055,13
399.0,0.049,0.055,13
400.0,0.049,0.055,13
401.0,0.0485,0.055,14
402.0,0.0485,0.055,14
403.0,0.0485,0.055,14
404.0,0.0485,0.055,14
405.0,0.0485,0.055,14
406.0,0.0485,0.055,14
407.0,0.0485,0.055,14
408.0,0.0485,0.055,14
409.0,0.0485,0.055,14
410.0,0.0485,0.055,14
411.0,0.0485,0.055,14
412.0,0.048,0.055,15
413.0,0.048,0.055,15
414.0,0.048,0.055,15
415.0,0.048,0.055,15
416.0,0.048,0.055,15
417.0,0.048,0.055,15
418.0,0.048,0.055,15
419.0,0.048,0.055,15
420.0,0.048,0.055,15
421.0,0.048,0.055,15
422.0,0.048,0.055,15
423.0,0.048,0.055,15
424.0,0.0475,0.0545,15
425.0,0.0475,0.0545,15
426.0,0.0475,0.0545,15
427.0,0.0475,0.0545,15
428.0,0.0475,0.0545,15
429.0,0.0475,0.0545,15
430.0,0.0475,0.0545,15
431.0,0.0475,0.0545,15
432.0,0.0475,0.0545,15
433.0,0.0475,0.0545,15
434.0,0.0475,0.0545,15
435.0,0.047,0.0545,16
436.0,0.047,0.0545,16
437.0,0.047,0.0545,16
438.0,0.047,0.0545,16
439.0,0.047,0.0545,16
440.0,0.047,0.0545,16
441.0,0.047,0.0545,16
442.0,0.047,0.0545,16
443.0,0.047,0.0545,16
444.0,0.047,0.0545,16
445.0,0.047,0.0545,16
446.0,0.047,0.0545,16
447.0,0.047,0.0545,16
448.0,0.0465,0.0545,17
449.0,0.0465,0.0545,17
450.0,0.0465,0.0545,17
451.0,0.0465,0.0545,17
452.0,0.0465,0.0545,17
453.0,0.0465,0.0545,17
454.0,0.0465,0.0545,17
455.0,0.0465,0.0545,17
456.0,0.0465,0.0545,17
457.0,0.0465,0.0545,17
458.0,0.0465,0.0545,17
459.0,0.0465,0.0545,17
460.0,0.046,0.0545,18
461.0,0.046,0.0545,18
462.0,0.046,0.0545,18
463.0,0.046,0.0545,18
464.0,0.046,0.0545,18
465.0,0.046,0.0545,18
466.0,0.046,0.0545,18
467.0,0.046,0.0545,18
468.0,0.046,0.0545,18
469.0,0.046,0.0545,18
470.0,0.046,0.0545,18
471.0,0.046,0.0545,18
472.0,0.046,0.0545,18
473.0,0.0455,0.0545,19
474.0,0.0455,0.0545,19
475.0,0.0455,0.0545,19
476.0,0.0455,0.0545,19
477.0,0.0455,0.0545,19
478.0,0.0455,0.0545,19
479.0,0.0455,0.0545,19
480.0,0.0455,0.0545,19
481.0,0.0455,0.0545,19
482.0,0.0455,0.0545,19
483.0,0.0455,0.0545,19
484.0,0.0455,0.0545,19
485.0,0.0455,0.0545,19
486.0,0.045,0.0545,20
487.0,0.045,0.0545,20
488.0,0.045,0.0545,20
489.0,0.045,0.0545,20
490.0,0.045,0.054,19
491.0,0.045,0.054,19
492.0,0.045,0.054,19
493.0,0.045,0.054,19
494.0,0.045,0.054,19
495.0,0.045,0.054,19
496.0,0.045,0.054,19
497.0,0.045,0.054,19
498.0,0.045,0.054,19
499.0,0.045,0.054,19
500.0,0.0445,0.054,20
